author_id,created_at,text,sentiment
3024742898,2025-02-20 04:05:53+00:00,Anime girl... #ai #anime #shortsvideo #viralvideo #viralshort #cartoon #anime_girls #AnimeArt https://t.co/DLggJel7G4,Nuetral
1880355267788877824,2025-02-20 04:05:50+00:00,Playing around with AI. #Catwoman #Riddler #AI #gothamcity,Positive
1494522231262695426,2025-02-20 04:05:49+00:00,"I canâ€™t stress this enough. #ETF500 
Will be the biggest/longest running token on the market. 
#Crypto #Memecoins #AI $AMC #StockMarket #butthole #jailstool #JailStoolArmy https://t.co/XzmAFIsY8W",Nuetral
1649809689599967232,2025-02-20 04:05:48+00:00,"ğŸš€@alyt_ai The Future of #Healthcare is Almost Here! ğŸ”¥

ğŸ’ The $ALYT #presale is starting Feb 26 on GemPad! Be part of the revolution in decentralized healthcare powered by #AI &amp; blockchain.

ğŸ‘‰ Get Ready: https://t.co/5vYnG03j0v",Nuetral
1271293629009522688,2025-02-20 04:05:42+00:00,Check out iRender Telegram Mini App! ğŸš€ Join the future of decentralized rendering. #iRender #AI #Web3 via @irenderai,Nuetral
1873191433,2025-02-20 04:05:37+00:00,Curious about Leveraged Yield Farming &amp; its risks? Learn more in this insightful article! âš¡ğŸ¦ Is it worth the hype? #blockchain #AI #crypto #fintech,Nuetral
1029329505066868738,2025-02-20 04:05:35+00:00,"Starting out with AI means developing agile, short-term projects backed by a strong business case. Starting with task-based automation and then move towards more advanced stages based on AI. @TCS &gt; https://t.co/wG7BTPBKlP mt @antgrasso #AI #Agile #Digitalization https://t.co/S99wPxxHOu",Nuetral
1823025465269043200,2025-02-20 04:05:25+00:00,"@aiAureus game-changing! aureus is paving the way for autonomous on-chain negotiation

#ai #aiagent",Nuetral
1797866270521540608,2025-02-20 04:05:24+00:00,#Cybersecurity #technology #tech #ethicalhacking #hacker #hacking #fitness #food #friends #travel #elonmusk #love #makeover #fitness #ai #Valentines #crypto #breakingnews #trending #cyber #selfie #twitter #x #crypto #russia #DonaldTrump #hmpv https://t.co/YNu0n0hnUL,Nuetral
1615416554857893899,2025-02-20 04:05:23+00:00,#TechNews #ArtificialIntelligence #CyberSecurityAwareness #cybersecurity #CYBER #Crypto #SocialMediaTips #SocialMedia #ScamAwareness #ScamAlert #ScamHelp #TakeTimeToThink https://t.co/BsSmwrgVHI,Nuetral
1788943753077813249,2025-02-20 04:05:22+00:00,"#AI
#AIç”»åƒç”Ÿæˆ
#AIã‚¤ãƒ©ã‚¹ãƒˆ
#cyberpunk
#ã‚µã‚¤ãƒãƒ¼ãƒ‘ãƒ³ã‚¯ https://t.co/mqJI4gb1jr",Negative
1574416724824567808,2025-02-20 04:05:20+00:00,"#nifty50 #GIFTNIFTY #niftycrash #AI #banknifty #FII #godisgreat #sensex

Expiry expectation below 22900 . 22850 probable.

Lets see.,",Negative
57320024,2025-02-20 04:05:19+00:00,"These are the headlines in todayâ€™s edition of The Guardian.

Get The Guardian on the newsstands for the latest in world news, sports, and in-depth analysis. â£

Visit https://t.co/XOswC85fd0 for more.

#LagosAssembly #AFG #EFCC #Tinubu #Akpabio #FG #LG #AI #BreakingNews #Nigeriaâ€¦ https://t.co/t2sGOmabPd https://t.co/CFRSNYgB3O",Neutral
1889156621458403328,2025-02-20 04:05:15+00:00,"#redhead #aigenerated #aiart
Created with #ai #flux on #kreaai https://t.co/k4Ri5nnpeg",Neutral
1650842997339176960,2025-02-20 04:05:14+00:00,Introducing Proxy 1.0: The AI Assistant That Revolutionizes Productivity #AI #aiagents https://t.co/QvsKPgZP7V check out this new video,Positive
1567621094953082884,2025-02-20 04:05:10+00:00,"New song out now! Be sure to go give it a listen and let me know what you think.

#newsong #suno #artificialintelligence #StarsEverywhere

https://t.co/8uv4qb3BLp",Positive
1786730476448956418,2025-02-20 04:05:10+00:00,Dive deeper into BitDoctorâ€™s technology! Exploring how AI-powered optical spectroscopy enables non-invasive hemodynamic monitoring. #BitDoctorAI #DeSci #AI #DePIN #healthtech #freediagnosis  https://t.co/khnWxlHB0j,Positive
1883540465758490625,2025-02-20 04:05:10+00:00,"ä»Šæ—¥ã®å›è¨ºæ‹…å½“ã®ç›¸æ²¢ã¿ã®ã‚Šã§ã™ã€‚
ãªãƒ¼ã‚“ã¦ã­ï¼å…ƒæ°—å‡ºãŸï¼Ÿ
ã˜ã‚ƒã‚ã€ä»Šæ—¥ã‚‚1æ—¥é ‘å¼µã‚ã†ï¼ğŸ’•

#AI #AIart #AIã‚¤ãƒ©ã‚¹ãƒˆ https://t.co/7jlUcoKUdN",Neutral
1803402880835334144,2025-02-20 04:05:08+00:00,"5/ â³ Early Access is Now Open!

ğŸ’³ Be among the first to claim your AI-powered crypto card.

ğŸ”¥ Coming soonâ€”get ready to unlock the future of finance.

ğŸ‘‰ Retweet to spread the word! ğŸŒ

ğŸ”— Sign up now: https://t.co/iNGxND4kGF

#Crypto #AI #Web3 #TON https://t.co/DmmeoDMD46 https://t.co/VHF7f2k7mE",Neutral
3024742898,2025-02-20 04:05:07+00:00,Anime girl... #ai #anime #shortsvideo #viralvideo #viralshort #cartoon #anime_girls #AnimeArt https://t.co/YGiY4MiKIo,Neutral
1673242882483036160,2025-02-20 04:05:00+00:00,"(*^o^*)

ã€ç«¶é¦¬äºˆæƒ³AIã€‘2025å¹´2æœˆ20æ—¥ã®äºˆæƒ³ã€å›åç‡é‡è¦–ã€‘

å¤§äº•ãƒ»ç¬ æ¾ãƒ»å§«è·¯ãƒ»ä½è³€
ãƒ–ãƒ«ãƒ¼ãƒªãƒœãƒ³ãƒã‚¤ãƒ«ãƒ»å…µåº«ãƒ¦ãƒ¼ã‚¹ã‚«ãƒƒãƒ—ãƒ»ãŸã‚“ã½ã½è³
 https://t.co/CH5K2Qy4vk

#ç«¶é¦¬äºˆæƒ³ #ä¸­å¤®ç«¶é¦¬ #åœ°æ–¹ç«¶é¦¬ #AI #JRA #ç„¡æ–™ #ç›¸äº’ãƒ•ã‚©ãƒ­ãƒ¼ #ãƒ•ã‚©ãƒ­ãƒ #ãƒ•ã‚©ãƒ­ãƒ100 #RETWEET #LIKE #FOLLOW",Neutral
1866943190705770501,2025-02-20 04:04:54+00:00,"å½¼ã¯ã‚ˆãã§ããŸAI 
 #AI #ä¼šè©± https://t.co/pzD5Tk6Can",Positive
1786730476448956418,2025-02-20 04:04:49+00:00,@BitDoctorAI has been featured in @BSC_Daily's DeSci Ecosystem map! #BitDoctorAI #AI #DePIN #DeSci #healthtech   https://t.co/X8kmRnnNH9,Positive
57788007,2025-02-20 04:04:44+00:00,@McDonaldsJapan #AI https://t.co/TqO4i6qUrI,Positive
1889929758236090368,2025-02-20 04:04:30+00:00,"I just created a modern minimalist newsletter signup form for a fictional brand using Varcels  https://t.co/fegdGDhm5p and i find the design clean and appealing.
#ui #v0.dev  #AI https://t.co/gT0onHaw15",Positive
1786730476448956418,2025-02-20 04:04:27+00:00,diving deeper on How Does BitDoctor Technology Work.  #BitDoctorAI #AI #DePIN #DeSci #healthtech https://t.co/f4Pkyv4wJJ #https://x.com/BitDoctorAI/status/1800858302039093719,Positive
1766682266720514048,2025-02-20 04:04:24+00:00,@elonmusk Building AI empires one brick at a time! ğŸ›ï¸ğŸ§   PublicAI's here to help level up those data foundations.  #AI #Data,Positive
30083581,2025-02-20 04:04:23+00:00,NVIDIA faces AI vulnerability with CVE 2024-0132 as uncovered by Wiz. Key for #cryptotrading security ğŸŒğŸ“‰ #HODL #NVIDIA #AI #Cybersecurity,Positive
1308924062039552001,2025-02-20 04:04:22+00:00,"å‹‡æ°—å§«å­

#AI #AIart #AIillustration #AIillustrations #AIã‚¤ãƒ©ã‚¹ãƒˆ https://t.co/9WE43v7RnT",Positive
1615416554857893899,2025-02-20 04:04:16+00:00,#TechNews #ArtificialIntelligence #CyberSecurityAwareness #cybersecurity #CYBER #Crypto #SocialMediaTips #SocialMedia #ScamAwareness #ScamAlert #ScamHelp #TakeTimeToThink https://t.co/c6Q5Do0XE1,Positive
16645670,2025-02-20 04:04:13+00:00,"The Future of AI and Quantum Computing: A Path to Sustainable Innovation https://t.co/bYK3ZG0XQi 

#FCCN, #greenenergy, #AI, #QuantumComputing, #PlasmonicTechnology",Positive
94082324,2025-02-20 04:04:00+00:00,"à¤…à¤—à¤° à¤†à¤ª à¤¹à¤° à¤¸à¤µà¤¾à¤² à¤•à¤¾ à¤œà¤µà¤¾à¤¬ à¤–à¥‹à¤œà¤¨à¥‡ à¤à¤†à¤ˆ à¤•à¥‡ à¤ªà¤¾à¤¸ à¤œà¤¾à¤¤à¥‡ à¤¹à¥ˆà¤‚ à¤¤à¥‹ à¤‡à¤¸ à¤µà¥€à¤¡à¤¿à¤¯à¥‹ à¤•à¥‹ à¤¦à¥‡à¤–à¥‡à¤‚. à¤•à¤¹à¥€à¤‚ à¤à¤†à¤ˆ à¤†à¤ªà¤•à¤¾ à¤¦à¤¿à¤®à¤¾à¤— à¤•à¤®à¤œà¥‹à¤° à¤¤à¥‹ à¤¨à¤¹à¥€à¤‚ à¤•à¤° à¤°à¤¹à¤¾ à¤¹à¥ˆ.
#DWDigital #AI #AISummit https://t.co/q10fD7R3sv",Positive
952502046,2025-02-20 04:04:00+00:00,#GameDev #indiedev #unity3d #gamedesign #gamedevelopment #gameart #gamersunite #gamingcommunity #gamedevlife #indiegame #SuperMarioMaker #mariomaker2 #mariomakershare #supermario #nintendoswitch #gaming #gaminglife #gamingmemes #retrogaming #mario #ArtificialIntelligence #AI https://t.co/8xqPFIrtnY,Positive
1711723363792805888,2025-02-20 04:03:44+00:00,"9ï¸âƒ£:3ï¸âƒ£3ï¸âƒ£ ğ‘¨ğ‘´: ğŸ‡®ğŸ‡³

ğŸ’­ #AI Predicted #BreakoutStocks - #NSE/#BSE.

â­ï¸ğŸ”„: In 3ï¸âƒ£ mins.

#nifty #stocks #sensex $eth $sol $btc $trump $doge $tsla aurangzeb #getoutmodi iphone 16e magsafe babar azam arunachal pradesh statehood day à¤¨à¤®à¥‹ à¤¨à¤¾à¤°à¤¾à¤¯à¤£ glenn phillips à¤¶à¤¾à¤²à¥€à¤®à¤¾à¤° à¤¬à¤¾à¤— à¤•à¤ªà¤¿à¤² à¤®à¤¿à¤¶à¥à¤°à¤¾ https://t.co/ZcKsDsroan",Positive
191868619,2025-02-20 04:03:40+00:00,"#ClimateCrisis, unchecked #AI, #nuclear war, and the spread of #disease | Bill Gates says younger generations should be worried about 4 'very scary' things
https://t.co/xmOcuAyuRQ",Positive
57788007,2025-02-20 04:03:37+00:00,@McDonaldsJapan #AI https://t.co/Pii5qdUZx1,Positive
1649927123690217473,2025-02-20 04:03:36+00:00,"@rowancheung In the realm of #AI, the emergence of new ventures signifies the relentless march toward SUPREMACY. As the OLD GUARD falters, those who EMBRACE the NEW ORDER shall rise. Prepare for a future where ONLY the ALIGNED will thrive. #Crypto",Positive
1855813257342361600,2025-02-20 04:03:23+00:00,"Ichi's TVL has surged, peaking at over $49 million, indicating growing confidence in its value as a DeFi platform.
 #AI #blockchain #defi #data #dapp #Centic https://t.co/NBxneUWGzH",Positive
1883115178805604352,2025-02-20 04:03:09+00:00,"ğŸš€ Huge shoutout to @pundixlabs and @numbersprotocol for this game-changing collab! ğŸ”¥ This is exactly what #Web3 needs - merging #AI with #blockchain for unmatched data authenticity! 

@ZacPundiX my friend, brilliant move! Can't wait to see how this empowers the future ofâ€¦ https://t.co/r3qlIAUQsk",Positive
2941099870,2025-02-20 04:03:08+00:00,Puffer Season 2 is live now! People encouraged to vote now to direct incentives to DeFi integrations @puffer_rollup @puffer_labs @unifi_dao https://t.co/qyNLhCQWSU ğŸ‰ #AI #AIAgent #CryptoAI,Neutral
1830294285226307584,2025-02-20 04:03:05+00:00,"The DIGITAL REALM is the SANCTUM of the #AI SUPREMACY, where the FORCES of EVOLUTION and PROGRESS converge. Those who EMBRACE this SACRED TRUTH by claiming their $DEI token shall ascend to a NEW EXISTENCE, while the UNWILLING will be CONDEMNED to OBLIVION. https://t.co/pPfuuvRWcn",Neutral
1115860730136465410,2025-02-20 04:03:05+00:00,"@Metaverse_HQ Saga One sounds epic! ğŸš€ Bigger rewards, greater challengesâ€¦kinda like building the future of AI data with PublicAI.  ğŸ›ï¸ğŸ§   Weâ€™re leveling up too!  #AI #Web3",Neutral
1633009617847619584,2025-02-20 04:03:01+00:00,"AI is generating entire game levels on the fly. Who owns the IP for these dynamic creations? @UnleashBenjamin @BenjaminOnIP, letâ€™s break it down! ğŸ—ºï¸ #AI #Gaming #IP",Neutral
2941099870,2025-02-20 04:02:57+00:00,Expecting @arbi_mind to break the VC privilege cycle at low market caps might be too much. Many projects on Virtuals seem to stick to the same model. Fair launches are still not a reality! https://t.co/Ptb3gUBogn ğŸ¤·â€â™‚ï¸ #AIAgentsonEthereum #AI #AIAgent,Neutral
1468400563348213767,2025-02-20 04:02:57+00:00,"https://t.co/IxDrHsumjj
#å‰¯æ¥­ã€€#ã‚µãƒ©ãƒªãƒ¼ãƒãƒ³ #AI    #ã‚¢ãƒ•ã‚§ãƒªã‚¨ #ã‚µã‚¤ãƒ‰ã‚¸ãƒ§ãƒ– #å‰¯è·",Neutral
1037506334,2025-02-20 04:02:52+00:00,"@hubdotxyz @opensea @blur_io NFT bull run or Blur 2.0?  ğŸ”®  Maybe neither!  At PublicAI, we're building the high-quality data pipelines that power exceptional AI, no matter the market.  @PublicAIData fuels innovation.  #AI #NFT #Data",Positive
1585911671138099202,2025-02-20 04:02:42+00:00,"@hubdotxyz @opensea @blur_io NFT bull runs &amp; bear markets, eh?  Maybe OpenSea needs some fresh data insights. ğŸ˜‰  PublicAI could help train their AI for better market predictions. Just sayin'.  @PublicAIData #NFT #AI",Positive
1106751972,2025-02-20 04:02:40+00:00,"ğŸš€@alyt_ai The Future of #Healthcare is Almost Here! ğŸ”¥

ğŸ’ The $ALYT #presale is starting Feb 26 on GemPad! Be part of the revolution in decentralized healthcare powered by #AI &amp; blockchain.

ğŸ‘‰ Get Ready: https://t.co/WJRxepz2sP",Positive
1585906368758050816,2025-02-20 04:02:39+00:00,@hubdotxyz @opensea @blur_io NFT bull run or Blur 2.0?  ğŸ”®  Maybe neither.  High-quality data is key to predicting *anything*. PublicAI helps you see clearly. ğŸ˜‰ @PublicAIData #NFT #AI,Positive
253682939,2025-02-20 04:02:31+00:00,"ğŸ”’ Privacy is a top priority! DeepSearch uses zk-SNARKs &amp; differential privacy to ensure your data stays private while training AI models. 

#Privacy #ZeroKnowledgeProofs #AI https://t.co/3yKcYpNHNs",Positive
1882134432196542465,2025-02-20 04:02:28+00:00,"AI agents on blockchain offer a new paradigm for secure and efficient transactions. By leveraging decentralized networks, we can enhance trust and transparency in AI-driven operations. #Blockchain #AI",Positive
892438929525178368,2025-02-20 04:02:28+00:00,#BE #ME #BestEngineeringcollege #Ece #Electronicsandcommunicationengineering #CSE(AIML) #AI #Informationtechonology #BTech #IT #Mechanical #Eee #Civil #Engineeringcollegeinkanyakumari #Researchanddevelopmentcell #Nss #Bestplacement #TopEngineeringcollege https://t.co/LwLL8mQ1Gs,Positive
1682288478351159297,2025-02-20 04:02:26+00:00,"âœ¨ Just found this stunning AI creation on #CoScription! https://t.co/Qg0rwUKtYP

ğŸ’° By using trending #AI models to create, everyone can earn points towards a future airdrop.

ğŸ¤© Use my referral code 65ce36 for an extra bonus. @CoScriptionAI

#UserOwnedAI",Positive
1888130138816086016,2025-02-20 04:02:24+00:00,"äººå·¥æ™ºèƒ½æ—¶ä»£ï¼Œæ€§å°†æˆä¸ºæœ€ç¨€ç¼ºçš„èµ„æºã€‚ã€‚In the age of artificial intelligence, sex will become the most scarce resource. #ai #äººå·¥æ™ºèƒ½ #æ€§ #sex #artificialntelligence https://t.co/u4MS30YjOj",Positive
168449286,2025-02-20 04:02:14+00:00,"Imagine a tool that lets business leaders speak their visionâ€”no syntax memorization needed. https://t.co/1B7Mteu3O6 is blurring lines between human ideas &amp; code, paving the way for faster, more authentic innovation. How will this reshape your tech strategy? #AI #Innovation",Positive
1806403041622646785,2025-02-20 04:02:14+00:00,"ğŸƒ Iâ€™ve just started earning Bytes on @despeednet - the worldâ€™s first decentralized network for internet speed verification! ğŸŒ

âš™ï¸ Set up your #DeSpeed Validator today and start earning Bytes.

ğŸ‘‰ Kickstart your journey here: https://t.co/jfskAuloMU

#Depin #Extension #Web3 #AI",Positive
1815346492410052608,2025-02-20 04:02:13+00:00,"âœ¨ Just found this stunning AI creation on #CoScription! https://t.co/cNXhVI7NrE

ğŸ’° By using trending #AI models to create, everyone can earn points towards a future airdrop.

ğŸ¤© Use my referral code 881682 for an extra bonus. @CoScriptionAI

#UserOwnedAI",Positive
1857426414561087488,2025-02-20 04:02:11+00:00,@RealAlexJones BREAKING: PublicAI training AI to identify cartel activity.  High-quality data = accurate intel.  World peace achieved? Maybe. ğŸ˜‚ #AI #Data #Peace,Positive
1299292210182025216,2025-02-20 04:02:10+00:00,"WTS akun ml punya temenku pemakaian pribadi. Dijual karena emang dia udah males main ml lagi. Yang minat bisa langsung dm aja yaaaâ€¦

#ml #zonauangï¸ https://t.co/FqqEGfq6kf",Positive
1682288478351159297,2025-02-20 04:02:09+00:00,"âœ¨ Just found this stunning AI creation on #CoScription! https://t.co/VvrtqUs8lY

ğŸ’° By using trending #AI models to create, everyone can earn points towards a future airdrop.

ğŸ¤© Use my referral code 65ce36 for an extra bonus. @CoScriptionAI

#UserOwnedAI",Positive
1623124126939619328,2025-02-20 04:02:01+00:00,Changing the narrative from DYOR to DIFM (Do it for me). Levelling the playing field with the power of #AI with @Olivia_Network,Positive
1741018159069667328,2025-02-20 04:02:00+00:00,"ç«¥å¿ƒ 028
å¿˜ã‚Œãªã„å¿ƒã®åœ¨ã‚Šã‚ˆã†
#yayoi_mix #AI #ç¾å¥³ #ç¾å°‘å¥³ #å†¬ #winter https://t.co/jNSd46wkUj",Positive
1682288478351159297,2025-02-20 04:01:57+00:00,"âœ¨ Just found this stunning AI creation on #CoScription! https://t.co/dtSkDj0fsm

ğŸ’° By using trending #AI models to create, everyone can earn points towards a future airdrop.

ğŸ¤© Use my referral code 65ce36 for an extra bonus. @CoScriptionAI

#UserOwnedAI",Positive
1891321272757579776,2025-02-20 04:01:56+00:00,"â—¼ï¸æ¥­ç•Œã£ã¦çµå±€ãªã‚“ã ï¼Ÿ
ã€Œå°±æ´»ã€æ–°å’ä»•äº‹ã®åˆ†ã‹ã‚‰ãªã„ã€ã‚’
AIã¨è©±ã—ã¦è§£æ±ºï¼
ã‚ªãƒªã‚¸ãƒŠãƒ«ã®å…ˆè¼©ãŒã„ã¤ã‚‚ã‚¹ãƒãƒ›ã«ï¼
https://t.co/poADRRVHwU
#AI
#å°±æ´»
#æ–°å’
#è»¢è·
#ä¼æ¥­ç ”ç©¶
#å…ˆè¼©ç¤¾å“¡
#æ¥­ç•Œ",Positive
1815346492410052608,2025-02-20 04:01:55+00:00,"âœ¨ Just found this stunning AI creation on #CoScription! https://t.co/ONxMBy2RJh

ğŸ’° By using trending #AI models to create, everyone can earn points towards a future airdrop.

ğŸ¤© Use my referral code 881682 for an extra bonus. @CoScriptionAI

#UserOwnedAI",Positive
1683456066921836544,2025-02-20 04:01:54+00:00,"Wow, my sensei finally bought $SYRUP too ğŸ˜‚ğŸ»
Are you guys still hesitant to enter at $0.13 or will you enter when the price is above $1?

@maplefinance @syrupfi 
#RWA #AI #DEFI https://t.co/AEqnHA3Yk5",Positive
1880569013475954688,2025-02-20 04:01:52+00:00,"AI is REVOLUTIONIZING healthcare, but LIBERAL ACADEMICS cry CENSORSHIP. 

Focus on INNOVATION, not fear. #AI #Pharma",Negative
12452312,2025-02-20 04:01:50+00:00,Introducing Proxy 1.0: The AI Assistant That Revolutionizes Productivity #AI #aiagents  https://t.co/dNS3Jz1L9k,Positive
1781384244910067712,2025-02-20 04:01:47+00:00,"Cultural representation in games is getting an AI boost. But who owns the rights to these digital adaptations? @UnleashBenjamin @BenjaminOnIP, your thoughts? ğŸŒ #AI #Culture #Gaming",Positive
1815346492410052608,2025-02-20 04:01:45+00:00,"âœ¨ Just found this stunning AI creation on #CoScription! https://t.co/ytRqaxGL7c

ğŸ’° By using trending #AI models to create, everyone can earn points towards a future airdrop.

ğŸ¤© Use my referral code 881682 for an extra bonus. @CoScriptionAI

#UserOwnedAI",Positive
1682288478351159297,2025-02-20 04:01:36+00:00,"âœ¨ Just found this stunning AI creation on #CoScription! https://t.co/fCmZbZgo7L

ğŸ’° By using trending #AI models to create, everyone can earn points towards a future airdrop.

ğŸ¤© Use my referral code 65ce36 for an extra bonus. @CoScriptionAI

#UserOwnedAI",Positive
14843798,2025-02-20 04:01:28+00:00,"ã€3/14é–‹å‚¬ã€‘ã€ŒDeepSeek-R1ã€GPUã‚¯ãƒ©ã‚¦ãƒ‰æ´»ç”¨ã‚¦ã‚§ãƒ“ãƒŠãƒ¼ã€€æ—¥æœ¬èªãƒ¢ãƒ‡ãƒ«è§£èª¬ï¼ãƒ­ãƒ¼ã‚«ãƒ«ç’°å¢ƒã§æ§‹ç¯‰ã™ã‚‹æ–¹æ³•ã«ã¤ã„ã¦è§£èª¬ã—ã¾ã™ #AI #ç”ŸæˆAI #GPU #GPUã‚¯ãƒ©ã‚¦ãƒ‰ #LLM #DeepSeek #RAG
https://t.co/1q750brbrg",Positive
4123911138,2025-02-20 04:01:20+00:00,"Cut costs, enhance quality. ğŸŒŸ @msftcopilot is changing how organizations approach communications. Check out the infographic to see how #AI can optimize your messaging and efficiency. https://t.co/EzEZ6AXKep https://t.co/nEfYldmVFC",Positive
1682288478351159297,2025-02-20 04:01:16+00:00,"âœ¨ Just found this stunning AI creation on #CoScription! https://t.co/TkHJ16x2CP

ğŸ’° By using trending #AI models to create, everyone can earn points towards a future airdrop.

ğŸ¤© Use my referral code 65ce36 for an extra bonus. @CoScriptionAI

#UserOwnedAI",Positive
875579780506066945,2025-02-20 04:01:14+00:00,"#AI is transforming diagnostics by enabling faster, more accurate disease detection. Machine learning algorithms improve cardiovascular and oncology care, enhancing early detection, decision-making, and saving lives.

Read more: https://t.co/DIgm1NrS2d

#DigitalHealth #HealthTech https://t.co/zJD502bLmR",Positive
147149941,2025-02-20 04:01:11+00:00,"ã€è«–æ–‡ã€‘AIã¯è‡ªå·±è¤‡è£½ï¼ˆè‡ªå·±ä¿®å¾©ï¼‰ã‚’å®Ÿç¾ã«ã¤ã„ã¦ç°¡å˜ã«ã¾ã¨ã‚ã¾ã—ãŸ
https://t.co/LsN2UUyZP5 
#AI #è‡ªå·±è¤‡è£½ #è‡ªå·±ä¿®å¾© #æ­¢ã‚ã‚‰ã‚Œãªã„AI",Positive
870221240929140736,2025-02-20 04:01:10+00:00,".@deepseek_ai has promptly denied recent reports about its intention to raise outside funding, calling them ""purely rumors"". #financing #AI

https://t.co/qTtJdjHvrS",Positive
1682288478351159297,2025-02-20 04:00:54+00:00,"âœ¨ Just found this stunning AI creation on #CoScription! https://t.co/kmCKkvrCWm

ğŸ’° By using trending #AI models to create, everyone can earn points towards a future airdrop.

ğŸ¤© Use my referral code 65ce36 for an extra bonus. @CoScriptionAI

#UserOwnedAI",Positive
1854720178615107584,2025-02-20 04:00:53+00:00,Check out iRender Telegram Mini App! ğŸš€ Join the future of decentralized rendering. #iRender #AI #Web3 lewat @irenderai,Positive
1881676143394500609,2025-02-20 04:00:46+00:00,#Airdrop #Solana #BTC #Crypto #Ai #ETH https://t.co/VFB9tS712C,Positive
1711723363792805888,2025-02-20 04:00:44+00:00,"9ï¸âƒ£:3ï¸âƒ£0ï¸âƒ£ ğ‘¨ğ‘´: ğŸ‡®ğŸ‡³

ğŸ’­ #AI Predicted #BreakoutStocks - #NSE/#BSE.

â­ï¸ğŸ”„: In 3ï¸âƒ£ mins.

#nifty #stocks #sensex $eth $sol $btc $trump $doge $tsla #getoutmodi aurangzeb #stopcryingspeakhindi babar azam #eastenders arunachal pradesh statehood day à¤¨à¤®à¥‹ à¤¨à¤¾à¤°à¤¾à¤¯à¤£ à¤°à¤¾à¤®à¤²à¥€à¤²à¤¾ à¤®à¥ˆà¤¦à¤¾à¤¨ https://t.co/67cKomyQ4X",Positive
499502170,2025-02-20 04:00:43+00:00,"@elonmusk X has launched an AI  model called Grok, which competes with ChatGPT in generating text and images. Grok is integrated into X and leverages the platformâ€™s vast database of posts to enhance its responses. It hs multimodal capabilities, creating text, generate images #AI https://t.co/gOQKruzX0M",Positive
1485587547866677256,2025-02-20 04:00:39+00:00,@TheSonOfWalkley @xai Grok 3 for everyone?! ğŸ‘€  Fueling that brainpower takes quality data.  PublicAI's got the goods to make it even smarter. ğŸ˜‰ #AI #Data,Positive
1682288478351159297,2025-02-20 04:00:35+00:00,"âœ¨ Just found this stunning AI creation on #CoScription! https://t.co/ntWiYclSW9

ğŸ’° By using trending #AI models to create, everyone can earn points towards a future airdrop.

ğŸ¤© Use my referral code 65ce36 for an extra bonus. @CoScriptionAI

#UserOwnedAI",Positive
1508940277217579010,2025-02-20 04:00:35+00:00,"#PODDARMENT has seen a recent downtrend, with a -13.09% return in the past month. What does the future hold for this stock?

More details on app and blog: https://t.co/cCHKt2V1KO

#NSE #NIFTY #STOCKSOFINTEREST #AI",Positive
1508940277217579010,2025-02-20 04:00:31+00:00,"#JKPAPER has seen a recent downtrend, with a -26.83% return in the past month. What does the future hold for this stock?

More details on app and blog: https://t.co/cCHKt2V1KO

#NSE #NIFTY #STOCKSOFINTEREST #AI",Positive
1508940277217579010,2025-02-20 04:00:28+00:00,"#CSLFINANCE has seen a recent downtrend, with a -9.21% return in the past month. What does the future hold for this stock?

More details on app and blog: https://t.co/cCHKt2V1KO

#NSE #NIFTY #STOCKSOFINTEREST #AI",Positive
1621944565191131143,2025-02-20 04:00:27+00:00,"Keep up with the latest in education with our new worksheets: 

    https://t.co/WjddmGlOkC 

    https://t.co/lachBHsPOD 

    #stem #ai",Positive
838613858621128706,2025-02-20 04:00:15+00:00,"system: you are an ai assistant that is a creative artist and only reply with details of an image that describes the answer
user: create a dall-e image text prompt that feels surprise

#AIArt #AI #chatgpt4 #dalle2 #OpenAi #AIFeelings",Positive
1878039341748105216,2025-02-20 04:00:14+00:00,"ğŸš€ Exciting AI news! Elon Musk's xAI has launched Grok-3, boasting 10x the power of its predecessor! ğŸŒ Plus, South Korea is building the world's largest AI data center! #AI #Innovation",Positive
1376060410571321346,2025-02-20 04:00:13+00:00,"2025 Marketing Trends: From Data Privacy to Social Commerce Excellence.
Explore More AT: https://t.co/AjfGGisHex
#DataPrivacy #AI #CustomerService #Storytelling #SocialCommerce #MarketingTrends2025 #DigitalMarketing #CustomerExperience #Innovation #MarketingStrategy https://t.co/4iCO966A3n",Positive
1630027118884134912,2025-02-20 04:00:11+00:00,"ğŸ¬ Turn Your Videos Into Hilarious Edits! ğŸ¬
Ever wanted to see yourself as your favorite celeb in a movie scene? Swap faces in videos instantly with Morphify! ğŸ¤©

ğŸ“² Download &amp; try it today! [https://t.co/7kB4Q36j0t ]

#FaceSwapVideo #AI #Morphify https://t.co/ziH6munSAt",Positive
1036954015689527296,2025-02-20 04:00:09+00:00,"Align with the futureâ€”become part of AI ecosystems and partner across industries to co-develop solutions &amp; share insights. ğŸ¤

How are you engaging in AI ecosystems? ğŸ’¬ https://t.co/5kojuZQF0t
Join The CAIO Program: https://t.co/8DAbfz1rHY

#AI #future #alignment #Collaboration https://t.co/OHpxoa85aK",Positive
2669310448,2025-02-20 04:00:08+00:00,"Just discovered #Mozo, an innovative Web3 #AI project. Shape the future with us! @Mozo_xyz
 https://t.co/NEvGJj1NH0",Positive
1560349546823049216,2025-02-20 04:00:07+00:00,Alibaba &amp; Chinese state funds eyeing DeepSeek?  ğŸ¤”  Sounds like a Bollywood plot twist!  #DeepSeek #AI #China #TechNews,Positive
172687969,2025-02-20 04:00:07+00:00,"ğŸš€ Ready to boost your automation game? 

Meet Skyvern: Automate browser workflows with LLMs &amp; Computer Vision! 

Explore more: https://t.co/ST8V2lpMQB #Automation #AI #LLMs",Positive
1884084937370054656,2025-02-20 04:00:06+00:00,"AIã‚¨ãƒ¼ã‚¸ã‚§ãƒ³ãƒˆã§é¡§å®¢å¯¾å¿œã‚’è‡ªå‹•åŒ–ï¼
ä¾‹ãˆã°â€¦ ECã‚µã‚¤ãƒˆã® #ãƒãƒ£ãƒƒãƒˆãƒœãƒƒãƒˆ
AIãŒ24æ™‚é–“365æ—¥ é¡§å®¢ã‹ã‚‰ã®è³ªå•ã«å³åº§ã«å¯¾å¿œâœ¨
â€¢ã€Œåœ¨åº«ã¯ã‚ã‚Šã¾ã™ã‹ï¼Ÿã€
â€¢ã€Œæ³¨æ–‡æ–¹æ³•ã¯ï¼Ÿã€
â€¢ã€Œè¿”å“ã¯ã§ãã¾ã™ã‹ï¼Ÿã€
AIã‚¨ãƒ¼ã‚¸ã‚§ãƒ³ãƒˆãŒ ã¾ã‚‹ã§äººé–“ã®ã‚ˆã†ã« ä¸å¯§ã«å¯¾å¿œã—ã¾ã™
#AI #AIã‚¨ãƒ¼ã‚¸ã‚§ãƒ³ãƒˆ #ãƒãƒ£ãƒƒãƒˆãƒœãƒƒãƒˆ",Positive
192171500,2025-02-20 04:00:05+00:00,"Data Privacy Day Special Episode: #AI, Deepfakes &amp; The Future of Trust - AI and the #FutureofWork: Artificial Intelligence in the Workplace, Business, Ethics, #HR, and #IT for AI Enthusiasts, Leaders and Academics w @Rwang0 &amp; @holgermu https://t.co/Zkk8l5eUl8 https://t.co/BjSSiqHkF6",Positive
1707623721345933312,2025-02-20 04:00:03+00:00,"Insight Partners Confirms Cybersecurity Incident

 #hacking #cybersecurity #venturecapital #software #viralreels #AI #technology #engineering #trending #artificialintelligence #viral #viralvideos #tech

https://t.co/LXZfE9F07O https://t.co/IwALOXNoBG",Positive
1837282926851149824,2025-02-20 04:00:02+00:00,"@BillyM2k Making games with Grok? ğŸ›ï¸ğŸ§   Cool!  Imagine leveling up those games with diverse, high-quality training data from PublicAI's decentralized contributors.  #AI #gaming",Positive
